date,paper_doi_or_url,material,mobility_cm2_Vs,on_off_ratio,contact_resistance_ohm_um,channel_length_nm,growth_method,transfer_method,source_url,notes
2025-09-29,https://www.mdpi.com/2072-666X/16/10/1108,MoS2,26,2.4e8,,,mechanical exfoliation,dry transfer,https://www.mdpi.com/2072-666X/16/10/1108,Trilayer MoS2 NFET; Ion 157 uA/um; Ioff 6.5e-6 uA/um; mobility = saturation electron mobility quoted in article conclusions; sub-60 mV/dec SS under study
2025-09-29,https://www.mdpi.com/2072-666X/16/10/1108,WSe2,,,,,mechanical exfoliation,dry transfer,https://www.mdpi.com/2072-666X/16/10/1108,"Multilayer WSe2 ambipolar FET; p-regime Ion 2.9 uA/um; saturation -2.26 uA/um at VDS=-5 V, VGS=-40 V; no mobility reported"
2025-09-29,https://www.mdpi.com/2072-666X/16/10/1108,MoS2/WSe2 heterostructure,0.8,1.15e5,,,mechanical exfoliation,dry transfer,https://www.mdpi.com/2072-666X/16/10/1108,Type-II staggered-gap negative-transconductance FET (NTFET); on/off 1.15e5 at Vd=5 V; steep-SS TFET operation under study
2026-06,https://techxplore.com/news/2026-06-monolayer-wse-high-p-transistors.html,WSe2 (monolayer),137,1e9,,45,,,https://techxplore.com/news/2026-06-monolayer-wse-high-p-transistors.html,Nature Electronics (Fiori group); p-FET with oxygen defect-healing treatment; hole mobility 137 cm2/Vs; Ion 1245 uA/um at 45 nm channel; contact resistance described as 'very low' but no number reported - cell left empty per provenance rules
2026-05,https://www.trendforce.com/news/2026/05/07/new-chinese-researchers-made-new-progresses-in-wafer-scale-transfer-integration-of-single-crystal-2d-semiconductors/,MoS2,117,1e12,,,single-crystal,dry transfer (Al2O3-assisted; no polymers/water),https://www.trendforce.com/news/2026/05/07/new-chinese-researchers-made-new-progresses-in-wafer-scale-transfer-integration-of-single-crystal-2d-semiconductors/,Kong team; wafer-scale flexible MoS2 FETs; SS 68.8 mV/dec; mobility up to 117 cm2/Vs; exact paper DOI not identified
2024-05,https://www.nature.com/articles/s41928-024-01158-4,MoS2,21,,3800,,MOCVD (polycrystalline),wafer-scale direct integration,https://techxplore.com/news/2024-05-electronics-successfully-mos-transistors-mm.html?utm_source=embeddings&utm_medium=related&utm_campaign=internal&deviceType=mobile,"200 mm wafer integration (Kwon/Seol, Nature Electronics); >99.9% yield at commercial facility; Ion 120 uA/um; Schottky barrier nearly eliminated"
2026-06,https://doi.org/10.1021/acsnano.5c18395,tellurium (ultrathin),,,1700,4,,,https://techxplore.com/news/2026-06-ultra-thin-semiconductors-limits-localized.pdf,ACS Nano; Rc reduced 97.5 kohm-um to 1.7 kohm-um via thickness-modulated band engineering; 4 nm channel; Ion >17x increase at -196 C; publication date approximate
2026-06,https://www.pulse.bot/nanotech/news/shrinking-2d-nanoribbons-to-35-nm-boosts-transistor-current-951eb2c1-d0c7-410e-b9b6-6c2924664939/,MoS2,,,,,,,https://www.pulse.bot/nanotech/news/shrinking-2d-nanoribbons-to-35-nm-boosts-transistor-current-951eb2c1-d0c7-410e-b9b6-6c2924664939/,Nature Communications; 35 nm MoS2 nanoribbons; peak Ion ~995 uA/um (+42% vs wider ribbons); SS 16% tighter; ~3x contact-resistance reduction via edge fields + oxygen passivation from Cl2/O2 plasma etch; paper DOI not identified
2025-11,https://www.azonano.com/news.aspx?newsID=41569,MoS2/graphene/h-BN (all-2D),2.47,,,,solution-processed,liquid-liquid interfacial assembly + printed electrodes,https://www.azonano.com/news.aspx?newsID=41569,Ag-electrode variant; <=3 V operation; negligible leakage; flexible; date inferred from article age (~2025-11)
2025-11,https://www.azonano.com/news.aspx?newsID=41569,MoS2/graphene/h-BN (all-2D),0.46,,,,solution-processed,liquid-liquid interfacial assembly + printed electrodes,https://www.azonano.com/news.aspx?newsID=41569,Graphene-contact variant; same all-2D printed stack; date inferred from article age (~2025-11)
2023-12-20,http://ciqm.harvard.edu/uploads/2/3/3/4/23349210/yan.pdf,bilayer graphene/hBN,,,,,,dry stacking (moire),http://ciqm.harvard.edu/uploads/2/3/3/4/23349210/yan.pdf,"PRE-2024 BASELINE; Hersam moire synaptic transistor, Nature DOI 10.1038/s41586-023-06791-1; 20 pW room-temp operation; neuromorphic device, not logic-FET metrics"
2026-02,https://techxplore.com/news/2026-02-atom-thin-ferroelectric-transistor-polarization.pdf,graphene/hBN,,,,,,dry stacking (moire),https://techxplore.com/news/2026-02-atom-thin-ferroelectric-transistor-polarization.pdf,"Nature Electronics; sliding-ferroelectric FET; 3,024 stable polarization states at room temp; no conventional FET metrics reported"
2026-05-27,https://news.cornell.edu/stories/2026/06/researchers-make-moire-2d-materials-without-stacking-twisting,MoS2,,,,,strain-induced moire,,https://news.cornell.edu/stories/2026/06/researchers-make-moire-2d-materials-without-stacking-twisting,"PNAS (arXiv 2510.13699v1); 97% yield strain-engineered moire on MoS2; materials method, no device metrics reported"
2024,https://doi.org/10.1021/acs.nanolett.4c04134,MoS2 (K-intercalated),,,,,,,https://phys.org/news/2025-03-transistor-reshapes-electronic-properties-2d.html,"Nano Letters (RIKEN); 2H->1T transition at ~2 K:5 Mo ratio; 1T phase superconducting at -268 C; four switchable electronic states; phase-tunable device, not logic-FET metrics"
2026-09,https://doi.org/10.1038/s41928-026-01672-7,MoS2,,,,100,CVD,,https://www.nanowerk.com/nanotechnology-news3/newsid=70314.php,NYCU-TSMC Nature Electronics; ~1 nm EOT epitaxial gate interface (0.3 nm Al oxidized to 0.42 nm Al2O3); top-gate FET; peak gm ~0.45 mS/um at ~100 nm gate length PER SECONDARY COVERAGE (wccftech) - flag as secondary; publication date approximate
2025-02,https://sj.jst.go.jp/news/202502/n0221-01k.html,MoS2,,,,110,,,https://sj.jst.go.jp/news/202502/n0221-01k.html,Kyushu (JST); 110 nm MoS2 nanoribbons; mobility comparable or higher than MoS2 sheets; transistor operation demonstrated but no numeric values reported - cells left empty
2026-01,https://mdpi-res.com/d_attachment/nanomaterials/nanomaterials-16-00133/article_deploy/nanomaterials-16-00133.pdf?version=1768819445,SnO2 (ultrathin-body),301,,,3,,,https://mdpi-res.com/d_attachment/nanomaterials/nanomaterials-16-00133/article_deploy/nanomaterials-16-00133.pdf?version=1768819445,Nanomaterials; mu_eff 301 cm2/Vs at 3 nm thickness; publication date approximate
2026-01,https://mdpi-res.com/d_attachment/nanomaterials/nanomaterials-16-00133/article_deploy/nanomaterials-16-00133.pdf?version=1768819445,MoS2 (5-layer),70,,,,,,https://mdpi-res.com/d_attachment/nanomaterials/nanomaterials-16-00133/article_deploy/nanomaterials-16-00133.pdf?version=1768819445,"Comparison value from SnO2 paper Table 1 - secondary transcription, flag as secondary"
2026-01,https://mdpi-res.com/d_attachment/nanomaterials/nanomaterials-16-00133/article_deploy/nanomaterials-16-00133.pdf?version=1768819445,MoS2 (2 nm),130,,,,,,https://mdpi-res.com/d_attachment/nanomaterials/nanomaterials-16-00133/article_deploy/nanomaterials-16-00133.pdf?version=1768819445,"Comparison value from SnO2 paper Table 1 - secondary transcription, flag as secondary"
2026-01,https://mdpi-res.com/d_attachment/nanomaterials/nanomaterials-16-00133/article_deploy/nanomaterials-16-00133.pdf?version=1768819445,WSe2 (3-layer),110,,,,,,https://mdpi-res.com/d_attachment/nanomaterials/nanomaterials-16-00133/article_deploy/nanomaterials-16-00133.pdf?version=1768819445,"Comparison value from SnO2 paper Table 1 - secondary transcription, flag as secondary"
2024-12,https://www.semiconductor-digest.com/the-shape-of-tomorrows-semiconductor-technology/,MoS2,,,,50,,,https://www.semiconductor-digest.com/the-shape-of-tomorrows-semiconductor-technology/,Intel IEDM 2024 GAA NMOS; record SS <75 mV/dec; Idmax >900 uA/um at <50 nm gate length; secondary trade-press summary - flag as secondary; channel_length column holds gate length
2024-12,https://www.semiconductor-digest.com/the-shape-of-tomorrows-semiconductor-technology/,WSe2,,,,30,,,https://www.semiconductor-digest.com/the-shape-of-tomorrows-semiconductor-technology/,Intel IEDM 2024 GAA PMOS with Ru S/D contacts; SS 156 mV/dec; Idmax 132 uA/um at ~30 nm gate length; secondary trade-press summary - flag as secondary; channel_length column holds gate length
2022-12,https://www.eenewseurope.com/en/tsmc-heads-below-1nm-with-2d-transistors-at-iedm/,MoS2,,,,40,,,https://www.eenewseurope.com/en/tsmc-heads-below-1nm-with-2d-transistors-at-iedm/,PRE-2024 BASELINE; TSMC IEDM 2022 paper 7.4; first monolayer MoS2 nanosheet FET in GAA configuration; 40 nm gate; ~410 uA/um at 1 V; ~0.7 nm channel; channel_length column holds gate length
2023,https://www.nanowerk.com/nanotechnology-news2/newsid=63581.php,MoS2,,1e11,78,,,PPC residue-free transfer,https://www.nanowerk.com/nanotechnology-news2/newsid=63581.php,PRE-2024 BASELINE; IBS Bi-contact MoS2; on/off ~1e11 measured at 15 K; Ion ~1.4 mA/um
2025-06,https://www.nature.com/articles/s41467-025-59684-4,WSe2 (bilayer),16.1,1.5e7,1300,100,MOCVD (2-inch wafer),,https://www.nature.com/articles/s41467-025-59684-4,"NO-doped p-FET; Ion ~421 uA/um at Vd=1 V; Ioff <1 pA/um at zero gate bias; SS as low as 75 mV/dec; peak gm 250 uS/um; NO treatment at 100 C; 10 nm HfO2, EOT 2.3 nm; >300 devices at 100 nm channel length"
2025-12,https://doi.org/10.1038/s41928-025-01500-4,MoS2 (monolayer),,,98,,MBE (epitaxial Sb contacts),,https://scienmag.com/new-scaled-antimony-contacts-enhance-2d-transistor-performance/,"Du et al., Nature Electronics 8(12):1191-1200; crystalline antimony ohmic contacts; Rc 98 ohm-um at 18 nm contact length; 40 nm contacted gate pitch; drive current 0.85 mA/um"
2025-12,https://doi.org/10.1038/s41928-025-01500-4,MoS2 (bilayer),,,98,,MBE (epitaxial Sb contacts),,https://scienmag.com/new-scaled-antimony-contacts-enhance-2d-transistor-performance/,Du et al.; bilayer variant; drive current 0.95 mA/um; same Sb contact stack
2025-12,https://doi.org/10.1038/s41928-025-01500-4,MoS2 (trilayer),,,98,,MBE (epitaxial Sb contacts),,https://scienmag.com/new-scaled-antimony-contacts-enhance-2d-transistor-performance/,Du et al.; trilayer variant; drive current 1.08 mA/um; same Sb contact stack
2025-06-03,https://phys.org/news/2025-06-overlapping-moir-lattices-2d-materials.html,trilayer graphene (moire-of-moire),,,,,,,https://phys.org/news/2025-06-overlapping-moir-lattices-2d-materials.html,"Korean team; Nature; unconventional domain tessellations in moire-of-moire lattices; quantum-transport result, no FET metrics"
2025-07-14,https://phys.org/news/2025-07-patterns-exploring-supermoir.amp,graphene (supermoire),,,,,,,https://phys.org/news/2025-07-patterns-exploring-supermoir.amp,Harvard SEAS; Science; supermoire lattice patterns; no FET metrics
2026-02,https://phys.org/news/2026-02-strong-superconductivity-supermoir-lattice.html,graphene (supermoire),,,,,,,https://phys.org/news/2026-02-strong-superconductivity-supermoir-lattice.html,EPFL/Berlin; Nature Physics; strong superconductivity in supermoire lattice; no FET metrics
2023,https://www.nature.com/articles/s41467-023-40448-x,MoTe2 (few-layer),,,700,,on-chip low-temp growth (~500 C) on amorphous substrate,vdW semimetal electrodes,https://www.nature.com/articles/s41467-023-40448-x,PRE-2024 BASELINE; Fermi-level-tuned vdW semimetal electrodes; ultralow Rc ~0.7 kohm-um for p-type few-layer 2D transistors (record for 2H-MoTe2/WSe2 at publication)
2022-06,https://timestech.in/cea-leti-intel-to-develop-thin-2d-tmds-on-300mm-wafers/,2D TMDs,,,,,,300 mm layer transfer,https://timestech.in/cea-leti-intel-to-develop-thin-2d-tmds-on-300mm-wafers/,"Intel/CEA-Leti joint program announced 2022-06; 300 mm layer-transfer of thin 2D TMDs; sub-1 nm channels; stacked nanosheets targeted beyond 2030; program-level entry, no device metrics"
