date,facility_or_company,milestone_type,value,unit,conditions,source_url,verification_status,notes
2023-10-03,JET,fusion_yield,69.26,MJ,Final DTE3 campaign; ~5 s burn on 0.2 mg fuel,https://euro-fusion.org/eurofusion-news/jets-final-fusion-campaigns-set-a-new-energy-record-and-hand-iter-a-legacy-of-irreplaceable-data/,press_release,World-record fusion energy output; announced 2024-02-08 by EUROfusion
2023-12,JET,decommissioning,,,Final experiments concluded,https://euro-fusion.org/eurofusion-news/jets-final-fusion-campaigns-set-a-new-energy-record-and-hand-iter-a-legacy-of-irreplaceable-data/,press_release,Facility closed at end of December 2023 after DTE3 campaign
2024-02-12,NIF (Lawrence Livermore),fusion_yield,5.2,MJ,2.2 MJ laser energy input; 4th ignition-era shot,https://lasers.llnl.gov/science/achieving-fusion-ignition,press_release,Yield described by LLNL as estimated
2024-02-21,DIII-D National Fusion Facility,ai_control,300,ms,Deep reinforcement learning predicts tearing-mode instabilities; demonstrated on DIII-D shots 193277/193280/193281,https://www.nature.com/articles/s41586-024-07024-9?error=cookies_not_supported&code=5bd823e9-6e29-43e9-8e62-c417e8a236f2,peer_reviewed,Princeton/PPPL team; paper published in Nature; 300 ms horizon per Princeton press release (paper text gives 25 ms per-step model horizon - wording discrepancy flagged by third-party audit)
2024-06-04,Xcimer Energy,funding_round,100,USD million,Series A led by Hedosophia; prototype laser including world's largest nonlinear optical pulse compression system,https://www.businesswire.com/news/home/20240604168571/en/,press_release,Denver facility; claimed target: 10x laser energy at 10x efficiency and 30x lower cost per joule vs NIF
2024-07,ITER,schedule,,,2024 baseline announced July 2024: research operations 2034; full magnetic energy 2036; deuterium-deuterium 2035; deuterium-tritium 2039; tungsten first wall; +EUR 5 billion cost increase,https://www.ipp.mpg.de/5434926/ITER_baseline_2024,press_release,ITER Council baseline revision after COVID and component delays; conflicts with a 2026 tracker report claiming 'first plasma late 2025' target - see separate row
2024-07,ITER,schedule,,,First plasma: late 2025 (confirmed target); deuterium-tritium operations 2034; full fusion reactions 2039; 500 MW design output,https://github.com/mofa-org/mofa-skills/blob/HEAD/fusion_energy_breakthroughs_2026_report.md,tracker_reported,"CONFLICT: contradicts official ITER 2024 baseline row (research operations 2034, D-T 2039); tracker figure likely stale"
2024-11,Pacific Fusion,funding_round,900,USD million,"Series A >$900M committed led by General Catalyst; milestone-based tranches; pulsed magnetic inertial fusion; Fremont, California",https://www.neimagazine.com/news/major-funding-boosts-pacific-fusions-expansion/,trade_press,Industry's largest-ever Series A at the time; company emerged from stealth November 2024; CEO Eric Lander
2024-11-18,NIF (Lawrence Livermore),fusion_yield,4.1,MJ,2.2 MJ laser input; 6th ignition-era shot,https://lasers.llnl.gov/science/achieving-fusion-ignition,press_release,
2025-01,Helion,funding_round,425,USD million,Announced around the time the Polaris prototype turned on; ~$1.03B total raised per PitchBook,https://techcrunch.com/2026/04/10/every-fusion-startup-that-has-raised-over-100m/,tracker_reported,"Investors incl. Sam Altman, Reid Hoffman, KKR, BlackRock, Mithril, Capricorn"
2025-01-20,EAST,pulse_duration,1066,s,Steady-state high-confinement-mode plasma; ~100 million degC,http://english.cas.cn/research/platforms/large-research-infrastructures/energy/east/,press_release,Broke EAST's own 403 s record from 2023; reported by Chinese Academy of Sciences
2025-02-12,WEST (CEA),pulse_duration,1337,s,22 min 17 s; 50 million degC; 2 MW LH heating; 2.6 GJ injected,https://www.cea.fr/english/Pages/News/nuclear-fusion-west-beats-the-world-record-for-plasma-duration.aspx,press_release,CEA claims +25% over the EAST record set one month earlier
2025-02-23,NIF (Lawrence Livermore),fusion_yield,5.0,MJ,2.05 MJ laser input; target gain 2.44; 7th ignition-era shot,https://lasers.llnl.gov/science/achieving-fusion-ignition,press_release,
2025,TAE Technologies,funding_round,280,USD million,For reactor-scale facility; proton-boron (p-B11) program,https://github.com/mofa-org/mofa-skills/blob/HEAD/fusion_energy_breakthroughs_2026_report.md,tracker_reported,Per 2026 tracker report; announcement month not specified in source viewed; separate from TAE's older 2021-era $280M Norman raise - do not conflate
2025-04-07,NIF (Lawrence Livermore),fusion_yield,8.6,MJ,2.08 MJ laser input; 456 TW peak pulse power; target gain 4.13; tungsten-doped diamond capsule; 8th ignition-era shot,https://lasers.llnl.gov/science/achieving-fusion-ignition,press_release,Uncertainty +/-0.45 MJ; highest yield achieved to date per LLNL
2025-05-22,Wendelstein 7-X,triple_product,43,s,Elevated triple product sustained for 43 s in OP2.3 campaign; ORNL pellet injector (~90 pellets); plasma 20-30 million degC,https://euro-fusion.org/eurofusion-news/wendelstein-7-x-sets-world-record-for-long-plasma-triple-product/,press_release,Initial 'beat tokamak records' framing walked back by IPP to 'on a par' after unpublished JET 60 s long pulses surfaced
2025-06-22,NIF (Lawrence Livermore),fusion_yield,2.4,MJ,LANL-led team; burning plasma,https://lasers.llnl.gov/science/achieving-fusion-ignition,press_release,Uncertainty +/-0.09 MJ; ignition-shot numbering (would be 9th) not confirmed in sources viewed
2025-07,Helion (Orion),construction,50,MW,"Orion plant, Malaga, Washington; 50 MW planned; Microsoft power purchase agreement targeting 2028",https://www.geekwire.com/2026/helion-funding-round-grows-to-500m-amid-uncertainty-over-fusion-startups-microsoft-timeline/,trade_press,Groundbreaking reported July 2025; full-capacity timeline uncertain (Axios: possibly 2030)
2025-08,Commonwealth Fusion Systems,funding_round,863,USD million,Series B2,https://cfs.energy/news-and-media/commonwealth-fusion-systems-raises-another-1-billion-bringing-total-capital-raised-to-4-billion/,press_release,"Cited in CFS's July 2026 $1B announcement; a 2026 tracker listed this raise with a $2.1B total - that total refers to mid-2025, before the 2026 $1B round"
2025-10-01,NIF (Lawrence Livermore),fusion_yield,3.5,MJ,2.065 MJ laser input; target gain 1.74; 10th ignition-era shot,https://lasers.llnl.gov/science/achieving-fusion-ignition,press_release,Uncertainty +/-0.17 MJ; paper in preparation per LLNL
2026-02,Helion (Polaris),plasma_temperature,150,million degC,Polaris prototype; ~10x the Sun's core temperature,https://techcrunch.com/2026/09/28/commonwealth-fusion-systems-brandon-sorbom-and-helions-david-kirtley-on-bringing-fusion-to-the-grid-at-techcrunch-disrupt-2026/,trade_press,Announced February 2026; validates physics for Orion per company
2026-02-26,U.S. Nuclear Regulatory Commission,regulatory,,,Proposed rule 'Regulatory Framework for Fusion Machines' under 10 CFR Part 30; Docket NRC-2023-0071; comments through 2026-05-27; public meetings 2026-03-25 and 2026-04-07,https://www.nrc.gov/sites/default/files/cdn/doc-collection-news/2026/26-023.pdf,press_release,First dedicated US regulatory framework for commercial fusion machines
2026-04,Commonwealth Fusion Systems,regulatory,,,First fusion developer to file interconnection application with PJM Interconnection for ARC plant,https://www.techtimes.com/articles/322534/20260731/commonwealth-fusion-systems-raises-1b-pension-funds-fusion-industry-first.htm,trade_press,"Starts multi-year grid-stability study process for the Chesterfield County, Virginia ARC site"
2026-06,General Fusion (LM26),plasma_temperature,0.72,keV,Lithium-liner compression on LM26; ~8.4 million degC; more than tripled electron temperature via mechanical compression,https://www.stocktitan.net/news/GFUZ/general-fusion-provides-first-public-company-business-yb2hkyp3o6hi.html,press_release,"Next targets: 1 keV, then 10 keV, then Lawson criterion; concurrent technical paper; framework agreement with Renexia S.p.A. (Italy) and General Atomics diagnostics collaboration"
2026-06-04,Helion,funding_round,465,USD million,Series G led by Thrive Capital; $15.5B post-money valuation; $1.5B total raised,https://www.helionenergy.com/newsroom/helion-raises-465-million-series-g-funding-round-to-meet-surging-global-demand-for-power,press_release,Consistent with Jan 2025 PitchBook $1.03B total plus this round
2026-07-13,General Fusion,corporate,,,Began trading on Nasdaq as GFUZ after merger with Spring Valley Acquisition Corp. III; ~$150M cash ($108M PIPE + SPAC trust remainder),https://prismmarketview.com/general-fusion-debuts-as-the-worlds-first-publicly-traded-fusion-company-surging-40-on-opening-day/,trade_press,First publicly listed pure-play fusion company; shares +40% on opening day; cash expected to fund LM26 milestones through 2028
2026-07-28,ITER,construction,6,sector module,Sixth vacuum-vessel sector module installed,https://engineeringnews.co.za/article/international-thermonuclear-experimental-reactor-project-franca-update-2026-08-07,trade_press,Under the 2024 revised baseline assembly sequence
2026-07-30,Commonwealth Fusion Systems,funding_round,1000,USD million,"Equity financing; pension funds, sovereign wealth funds, infrastructure and industrial partners; total raised $4B (~30% of all private fusion investment)",https://cfs.energy/news-and-media/commonwealth-fusion-systems-raises-another-1-billion-bringing-total-capital-raised-to-4-billion/,press_release,"Largest fusion round since CFS's own $1.8B Series B (2021); SPARC ~80% assembled, all 18 TF magnets expected by end of summer 2026, first plasma/scientific breakeven targeted 2027; ARC at Fall Line site, Chesterfield County VA; PPAs with Dominion Energy, Google, Eni for >50% of output"
2026-09-02,DIII-D National Fusion Facility,ai_control,20,ms,PACMAN (Prediction And Control using MAchiNe learning) ran full heating control loop at ~50 Hz across 5 experiments; predicted tearing mode ~200 ms before formation; held density/rotation targets,https://www.tbsnews.net/tech/ai-enables-faster-control-unstable-fusion-plasma-1535636,trade_press,"PPPL/Princeton framework; results published in peer-reviewed journal Nuclear Fusion (July 2026), preprint arXiv Nov 2025; individual shot dates not published"
2026-09-15,Helion,funding_round,500,USD million,"Series G final close, upsized from $465M initial; added crossover, pension and sovereign wealth investors",https://www.geekwire.com/2026/helion-funding-round-grows-to-500m-amid-uncertainty-over-fusion-startups-microsoft-timeline/,trade_press,Round capped despite additional investor interest per company
